{"cameraMode":{"drawMode":0,"name":"Shaded","section":"Shading Mode"},"sceneLighting":true,"audioPlay":false,"sceneViewState":{"showFog":true,"showMaterialUpdate":false,"showSkybox":true,"showFlares":true,"showImageEffects":true,"showParticleSystems":true},"in2DMode":false,"pivot":{"x":12.46973991394043,"y":-26.004283905029298,"z":-131.8352813720703},"rotation":{"x":-0.02213132753968239,"y":0.9232276082038879,"z":-0.3798317313194275,"w":-0.05379132553935051},"size":54.33491516113281,"orthographic":false}